date,1. open,2. high,3. low,4. close,5. volume,symbol
2025-04-07,177.2000,194.1500,174.6200,181.4600,160466286,AAPL
2025-04-04,193.8900,199.8800,187.3400,188.3800,125910913,AAPL
2025-04-03,205.5400,207.4900,201.2500,203.1900,103419006,AAPL
2025-04-02,221.3150,225.1900,221.0200,223.8900,35905904,AAPL
2025-04-01,219.8050,223.6800,218.9000,223.1900,36412740,AAPL
2025-03-31,217.0050,225.6200,216.2300,222.1300,65299321,AAPL
2025-03-28,221.6700,223.8100,217.6800,217.9000,39818617,AAPL
2025-03-27,221.3900,224.9900,220.5601,223.8500,37094774,AAPL
2025-03-26,223.5100,225.0200,220.4700,221.5300,34532656,AAPL
2025-03-25,220.7700,224.1000,220.0800,223.7500,34493583,AAPL
2025-03-24,221.0000,221.4800,218.5800,220.7300,44299483,AAPL
2025-03-21,211.5600,218.8400,211.2800,218.2700,94127768,AAPL
2025-03-20,213.9900,217.4899,212.2200,214.1000,48862947,AAPL
2025-03-19,214.2200,218.7600,213.7500,215.2400,54385391,AAPL
2025-03-18,214.1600,215.1500,211.4900,212.6900,42432426,AAPL
2025-03-17,213.3100,215.2200,209.9700,214.0000,48073426,AAPL
2025-03-14,211.2500,213.9500,209.5800,213.4900,60107582,AAPL
2025-03-13,215.9500,216.8394,208.4200,209.6800,61368330,AAPL
2025-03-12,220.1400,221.7500,214.9100,216.9800,62547467,AAPL
2025-03-11,223.8050,225.8399,217.4500,220.8400,76137410,AAPL
2025-03-10,235.5400,236.1600,224.2200,227.4800,71451281,AAPL
2025-03-07,235.1050,241.3700,234.7600,239.0700,46273565,AAPL
2025-03-06,234.4350,237.8600,233.1581,235.3300,45170419,AAPL
2025-03-05,235.4200,236.5500,229.2300,235.7400,47227643,AAPL
2025-03-04,237.7050,240.0700,234.6800,235.9300,53798062,AAPL
2025-03-03,241.7900,244.0272,236.1120,238.0300,47183985,AAPL
2025-02-28,236.9500,242.0900,230.2000,241.8400,56833360,AAPL
2025-02-27,239.4100,242.4600,237.0600,237.3000,41153639,AAPL
2025-02-26,244.3300,244.9800,239.1300,240.3600,44433564,AAPL
2025-02-25,248.0000,250.0000,244.9100,247.0400,48013272,AAPL
2025-02-24,244.9250,248.8600,244.4200,247.1000,51326396,AAPL
2025-02-21,245.9500,248.6900,245.2200,245.5500,53197431,AAPL
2025-02-20,244.9400,246.7800,244.2900,245.8300,32316907,AAPL
2025-02-19,244.6600,246.0100,243.1604,244.8700,32204215,AAPL
2025-02-18,244.1500,245.1800,241.8400,244.4700,48822491,AAPL
2025-02-14,241.2500,245.5500,240.9900,244.6000,40896227,AAPL
2025-02-13,236.9100,242.3399,235.5700,241.5300,53614054,AAPL
2025-02-12,231.2000,236.9600,230.6800,236.8700,45243292,AAPL
2025-02-11,228.2000,235.2300,228.1300,232.6200,53718362,AAPL
2025-02-10,229.5700,230.5850,227.2000,227.6500,33115645,AAPL
2025-02-07,232.6000,234.0000,227.2600,227.6300,39707224,AAPL
2025-02-06,231.2850,233.8000,230.4250,233.2200,29925349,AAPL
2025-02-05,228.5300,232.6700,228.2700,232.4700,39664989,AAPL
2025-02-04,227.2500,233.1300,226.6500,232.8000,45067301,AAPL
2025-02-03,229.9900,231.8300,225.7000,228.0100,73063301,AAPL
2025-01-31,247.1900,247.1900,233.4400,236.0000,101075128,AAPL
2025-01-30,238.6650,240.7900,237.2100,237.5900,55658279,AAPL
2025-01-29,234.1200,239.8550,234.0100,239.3600,45486100,AAPL
2025-01-28,230.8500,240.1900,230.8100,238.2600,75707569,AAPL
2025-01-27,224.0200,232.1500,223.9800,229.8600,94863418,AAPL
2025-01-24,224.7800,225.6300,221.4100,222.7800,54697907,AAPL
2025-01-23,224.7400,227.0300,222.3000,223.6600,60234760,AAPL
2025-01-22,219.7900,224.1200,219.7900,223.8300,64126500,AAPL
2025-01-21,224.0000,224.4200,219.3800,222.6400,98070429,AAPL
2025-01-17,232.1150,232.2900,228.4800,229.9800,68488301,AAPL
2025-01-16,237.3500,238.0100,228.0300,228.2600,71759052,AAPL
2025-01-15,234.6350,238.9600,234.4300,237.8700,39831969,AAPL
2025-01-14,234.7500,236.1200,232.4720,233.2800,39435294,AAPL
2025-01-13,233.5300,234.6700,229.7200,234.4000,49630725,AAPL
2025-01-10,240.0100,240.1600,233.0000,236.8500,61710856,AAPL
2025-01-08,241.9200,243.7123,240.0500,242.7000,37628940,AAPL
2025-01-07,242.9800,245.5500,241.3500,242.2100,40855960,AAPL
2025-01-06,244.3100,247.3300,243.2000,245.0000,45045571,AAPL
2025-01-03,243.3600,244.1800,241.8900,243.3600,40244114,AAPL
2025-01-02,248.9300,249.1000,241.8201,243.8500,55740731,AAPL
2024-12-31,252.4400,253.2800,249.4300,250.4200,39480718,AAPL
2024-12-30,252.2300,253.5000,250.7500,252.2000,35557542,AAPL
2024-12-27,257.8300,258.7000,253.0600,255.5900,42355321,AAPL
2024-12-26,258.1900,260.1000,257.6300,259.0200,27262983,AAPL
2024-12-24,255.4900,258.2100,255.2900,258.2000,23234705,AAPL
2024-12-23,254.7700,255.6500,253.4500,255.2700,40858774,AAPL
2024-12-20,248.0400,255.0000,245.6900,254.4900,147495267,AAPL
2024-12-19,247.5000,252.0000,247.0949,249.7900,60882264,AAPL
2024-12-18,252.1600,254.2800,247.7400,248.0500,56774101,AAPL
2024-12-17,250.0800,253.8300,249.7800,253.4800,51356360,AAPL
2024-12-16,247.9900,251.3800,247.6500,251.0400,51694753,AAPL
2024-12-13,247.8150,249.2902,246.2400,248.1300,33155290,AAPL
2024-12-12,246.8900,248.7400,245.6800,247.9600,32777532,AAPL
2024-12-11,247.9600,250.8000,246.2601,246.4900,45205814,AAPL
2024-12-10,246.8900,248.2100,245.3400,247.7700,36914806,AAPL
2024-12-09,241.8300,247.2400,241.7500,246.7500,44649232,AAPL
2024-12-06,242.9050,244.6300,242.0800,242.8400,36870619,AAPL
2024-12-05,243.9900,244.5400,242.1300,243.0400,40033878,AAPL
2024-12-04,242.8700,244.1100,241.2500,243.0100,44383935,AAPL
2024-12-03,239.8100,242.7600,238.9000,242.6500,38861017,AAPL
2024-12-02,237.2700,240.7900,237.1600,239.5900,48137103,AAPL
2024-11-29,234.8100,237.8100,233.9700,237.3300,28481377,AAPL
2024-11-27,234.4650,235.6900,233.8101,234.9300,33498439,AAPL
2024-11-26,233.3300,235.5700,233.3300,235.0600,45986189,AAPL
2024-11-25,231.4600,233.2450,229.7400,232.8700,90152832,AAPL
2024-11-22,228.0600,230.7199,228.0600,229.8700,38168252,AAPL
2024-11-21,228.8800,230.1550,225.7103,228.5200,42108327,AAPL
2024-11-20,228.0600,229.9300,225.8900,229.0000,35169566,AAPL
2024-11-19,226.9800,230.1600,226.6600,228.2800,36211774,AAPL
2024-11-18,225.2500,229.7400,225.1700,228.0200,44686020,AAPL
2024-11-15,226.4000,226.9200,224.2700,225.0000,47923696,AAPL
2024-11-14,225.0200,228.8700,225.0000,228.2200,44923941,AAPL
2024-11-13,224.0100,226.6500,222.7600,225.1200,48566217,AAPL
2024-11-12,224.5500,225.5900,223.3550,224.2300,40398299,AAPL
2024-11-11,225.0000,225.7000,221.5000,224.2300,42005602,AAPL
2025-04-07,124.9700,141.5700,123.7365,132.8500,18941906,AMAT
2025-04-04,129.1100,132.4600,123.9400,126.9500,15563959,AMAT
2025-04-03,141.0000,141.8700,135.4000,135.5100,11779640,AMAT
2025-04-02,144.0300,149.3100,143.8400,147.7500,4904772,AMAT
2025-04-01,144.1000,146.1100,141.8000,145.6600,5869458,AMAT
2025-03-31,142.7720,145.6800,141.1600,145.1200,7116271,AMAT
2025-03-28,148.8000,149.8000,144.1200,145.0600,7714957,AMAT
2025-03-27,149.8300,149.9024,146.9400,147.6800,6933790,AMAT
2025-03-26,153.1400,153.9900,149.5100,150.6800,4853836,AMAT
2025-03-25,154.8400,154.9500,152.5200,153.6400,5093720,AMAT
2025-03-24,155.5000,156.2700,154.6000,154.9500,5855208,AMAT
2025-03-21,150.2940,152.1900,149.0100,152.1200,15911326,AMAT
2025-03-20,152.2250,155.6150,151.6800,154.3800,5480259,AMAT
2025-03-19,153.1800,157.0750,152.7900,154.4600,4426507,AMAT
2025-03-18,154.3200,154.9400,151.8100,153.5100,4282336,AMAT
2025-03-17,152.9500,157.2100,152.8400,155.4600,4764341,AMAT
2025-03-14,152.1300,156.5007,152.1300,155.6600,5138783,AMAT
2025-03-13,148.8900,153.0588,148.3700,149.9500,5702173,AMAT
2025-03-12,151.7200,151.7200,148.4400,149.0600,8482229,AMAT
2025-03-11,148.9700,150.5106,145.3700,146.9900,7739928,AMAT
2025-03-10,152.4200,154.4500,147.8800,149.9900,7961801,AMAT
2025-03-07,151.4600,156.3474,150.1900,155.6800,5537838,AMAT
2025-03-06,151.5400,154.0500,149.6050,151.5400,6967778,AMAT
2025-03-05,153.1350,155.8700,150.0000,155.3200,5859954,AMAT
2025-03-04,153.0600,156.2300,149.5500,152.8700,8538627,AMAT
2025-03-03,159.7300,160.3200,150.6700,152.1300,9259111,AMAT
2025-02-28,157.2900,160.0500,153.9513,158.0700,9427575,AMAT
2025-02-27,170.2500,170.5700,156.3750,156.6400,9543635,AMAT
2025-02-26,167.3800,170.2500,166.4200,168.5100,5048546,AMAT
2025-02-25,168.1200,169.6800,164.4500,165.5400,8570278,AMAT
2025-02-24,173.7700,175.2300,168.3400,168.5700,7126206,AMAT
2025-02-21,176.1300,176.2500,170.6000,171.9800,7365350,AMAT
2025-02-20,175.1400,178.3700,174.5000,176.0100,6687264,AMAT
2025-02-19,172.3050,174.9000,171.1300,174.0600,5797047,AMAT
2025-02-18,171.7900,173.7600,169.1000,172.0000,10704879,AMAT
2025-02-14,174.8400,176.0000,168.6100,169.2000,12452812,AMAT
2025-02-13,180.3100,184.5175,179.6200,184.2700,10302003,AMAT
2025-02-12,179.4200,181.5300,178.2900,180.8900,6640831,AMAT
2025-02-11,181.7950,183.5800,181.0900,183.2000,3913262,AMAT
2025-02-10,182.8600,184.0300,181.4200,183.6600,5744135,AMAT
2025-02-07,183.1400,183.5400,178.7300,180.0000,4991954,AMAT
2025-02-06,179.6100,183.0800,178.5600,182.8000,4479079,AMAT
2025-02-05,176.7300,181.0100,175.2800,180.6700,3959496,AMAT
2025-02-04,175.4700,179.3000,175.4500,178.5600,4687114,AMAT
2025-02-03,175.3200,180.2500,174.2400,178.8000,5321278,AMAT
2025-01-31,182.5850,186.4400,180.0612,180.3500,5902833,AMAT
2025-01-30,179.3950,183.2700,177.4600,181.7200,6013770,AMAT
2025-01-29,180.0000,180.2100,173.7800,175.2800,5679925,AMAT
2025-01-28,173.7500,174.8300,170.0000,172.8500,7360510,AMAT
2025-01-27,179.5500,179.5600,170.4201,174.5700,12150238,AMAT
2025-01-24,190.8900,191.2750,185.6100,186.7500,6088398,AMAT
2025-01-23,190.1300,191.2000,187.7900,190.7000,6307345,AMAT
2025-01-22,196.8250,200.5500,195.3250,195.5100,7288595,AMAT
2025-01-21,194.7400,195.2200,190.8200,192.8700,7959064,AMAT
2025-01-17,193.0000,193.1600,188.7900,192.0500,8115101,AMAT
2025-01-16,185.8000,191.7100,183.0100,186.4800,10825448,AMAT
2025-01-15,176.7500,179.5100,175.8800,178.3800,5908559,AMAT
2025-01-14,171.8600,173.7000,170.3150,173.6500,3842111,AMAT
2025-01-13,169.1000,171.6100,167.7300,170.8600,5465785,AMAT
2025-01-10,174.7200,174.7200,169.5050,171.6500,6325342,AMAT
2025-01-08,177.7500,178.1700,174.8400,176.9900,4581723,AMAT
2025-01-07,180.0700,181.8400,176.3967,177.8200,7332112,AMAT
2025-01-06,174.9750,180.3750,174.8600,177.4800,8475462,AMAT
2025-01-03,165.3800,170.4200,164.7700,170.0600,5721416,AMAT
2025-01-02,164.4700,166.7100,162.8300,163.8700,4169023,AMAT
2024-12-31,164.4300,165.1800,161.9700,162.6300,3565535,AMAT
2024-12-30,164.0000,164.9700,161.9700,163.6400,4763085,AMAT
2024-12-27,166.1500,167.2000,164.6300,166.8300,3599555,AMAT
2024-12-26,167.3500,168.8499,166.7500,167.5500,2796316,AMAT
2024-12-24,167.4300,168.7200,166.9000,168.3700,2595759,AMAT
2024-12-23,164.7700,167.6900,164.1650,167.4600,5040203,AMAT
2024-12-20,159.9800,164.7300,158.9580,163.5900,15336722,AMAT
2024-12-19,162.7854,165.2400,161.0300,161.4400,9252641,AMAT
2024-12-18,170.9400,174.4300,164.5500,165.4500,9000741,AMAT
2024-12-17,169.0000,170.7500,168.3700,170.3400,6817636,AMAT
2024-12-16,170.0350,171.7400,168.8500,169.4100,6643007,AMAT
2024-12-13,169.0950,171.5300,167.7700,169.3500,7051664,AMAT
2024-12-12,169.7000,170.1100,166.8100,169.0800,6108503,AMAT
2024-12-11,169.7300,173.2000,169.4850,171.1300,6698595,AMAT
2024-12-10,173.5000,173.8800,167.4400,168.1700,8230865,AMAT
2024-12-09,171.9700,174.5000,170.2100,171.8600,7647077,AMAT
2024-12-06,172.1600,173.3200,171.3500,173.0200,6058479,AMAT
2024-12-05,176.5400,179.4200,170.5500,172.0300,8663758,AMAT
2024-12-04,185.3400,185.7000,180.4500,181.1600,5819763,AMAT
2024-12-03,181.2100,183.2600,180.8000,183.1600,5939932,AMAT
2024-12-02,175.4800,184.2700,174.7100,183.2650,9100590,AMAT
2024-11-29,176.3800,178.4300,174.2600,174.7100,5944388,AMAT
2024-11-27,173.2000,173.3400,168.7604,171.3200,4348730,AMAT
2024-11-26,175.3400,175.4850,170.9300,173.2000,6517076,AMAT
2024-11-25,176.7100,177.1900,171.9326,174.5500,8926467,AMAT
2024-11-22,175.1200,176.0800,173.3800,174.8800,4242578,AMAT
2024-11-21,171.2200,177.0700,171.0501,175.7500,8917431,AMAT
2024-11-20,169.3100,170.5250,167.0600,170.4900,6197305,AMAT
2024-11-19,168.3400,169.9600,167.4900,169.3100,8651084,AMAT
2024-11-18,167.6800,171.6700,166.8501,170.7300,8331082,AMAT
2024-11-15,168.3350,174.0700,167.3300,168.8800,16287484,AMAT
2024-11-14,186.7750,187.6150,185.0900,186.0000,11747404,AMAT
2024-11-13,184.0700,185.4800,182.5200,182.7900,8634649,AMAT
2024-11-12,188.7100,189.7500,184.4704,186.6100,5478424,AMAT
2024-11-11,192.3100,193.2000,186.4600,188.5600,5475193,AMAT
2025-04-07,287.6900,296.9400,281.6955,289.6900,4922983,AMGN
2025-04-04,312.1100,312.1100,293.7200,294.3900,5253288,AMGN
2025-04-03,311.1800,314.9000,306.7000,309.8500,3280342,AMGN
2025-04-02,305.4100,306.7600,300.1000,305.7000,1912488,AMGN
2025-04-01,310.5800,312.6200,305.0000,306.9200,3042318,AMGN
2025-03-31,307.5850,315.0000,305.5514,311.5500,3336281,AMGN
2025-03-28,307.4400,308.1700,304.7150,306.9500,1768574,AMGN
2025-03-27,306.2200,307.5700,304.2900,305.7700,1736926,AMGN
2025-03-26,306.4400,309.0900,304.3500,305.7100,2375632,AMGN
2025-03-25,313.9800,314.2200,303.5100,306.8600,2565308,AMGN
2025-03-24,315.0000,317.5850,313.4300,314.3800,2439427,AMGN
2025-03-21,311.8200,316.4900,311.1600,316.0400,9995022,AMGN
2025-03-20,314.1750,315.9900,312.2400,315.0400,2049719,AMGN
2025-03-19,317.5100,318.9200,313.4000,315.7500,1834297,AMGN
2025-03-18,317.5600,319.3100,315.1800,318.6500,2549593,AMGN
2025-03-17,314.6400,318.6600,311.7850,317.1700,2292900,AMGN
2025-03-14,312.2300,314.5069,310.3000,313.7100,2396818,AMGN
2025-03-13,313.6600,316.7500,311.9900,312.6400,2062717,AMGN
2025-03-12,311.3900,316.0200,308.6400,312.5000,3182192,AMGN
2025-03-11,328.8000,329.1000,318.4150,318.8900,3080265,AMGN
2025-03-10,324.1300,335.8800,322.7700,327.3600,4109123,AMGN
2025-03-07,318.9500,328.1900,317.7800,324.8600,3944947,AMGN
2025-03-06,316.4200,318.6800,312.5000,317.8200,3076813,AMGN
2025-03-05,310.6300,318.9400,310.1400,316.5700,2629056,AMGN
2025-03-04,316.5300,319.8150,312.1000,312.1900,3819994,AMGN
2025-03-03,307.3400,312.4800,307.3400,310.7800,2970686,AMGN
2025-02-28,308.5100,308.6200,303.5200,308.0600,3173055,AMGN
2025-02-27,305.3000,311.0000,303.1000,305.8200,3249213,AMGN
2025-02-26,311.9500,313.6300,305.5500,306.3800,2787270,AMGN
2025-02-25,311.8000,318.3000,310.3000,315.6300,4365721,AMGN
2025-02-24,305.2800,313.7500,304.4000,309.7200,4286609,AMGN
2025-02-21,299.2300,305.3300,297.1900,303.0100,3261422,AMGN
2025-02-20,294.6700,298.1300,293.9300,297.9300,2319269,AMGN
2025-02-19,292.0000,295.9700,291.8000,294.2700,2806986,AMGN
2025-02-18,291.7600,293.3300,289.0000,292.8000,2162354,AMGN
2025-02-14,294.7500,295.1624,290.4500,291.1600,2189386,AMGN
2025-02-13,297.5500,298.3500,293.5500,296.9700,2061657,AMGN
2025-02-12,293.8200,296.2000,292.6250,295.0600,2629881,AMGN
2025-02-11,290.5600,297.9450,288.3600,296.6600,3506965,AMGN
2025-02-10,296.8800,296.8800,290.6700,294.7900,2375707,AMGN
2025-02-07,299.1600,299.6100,292.5800,293.5400,3388400,AMGN
2025-02-06,309.4900,309.4900,297.1200,297.7800,4624483,AMGN
2025-02-05,290.6900,308.2200,289.5250,307.8100,5891191,AMGN
2025-02-04,285.5800,290.4843,284.5200,289.0200,3262437,AMGN
2025-02-03,286.9100,289.5800,283.4000,288.8700,4473532,AMGN
2025-01-31,282.1750,286.6900,281.9800,285.4200,3800362,AMGN
2025-01-30,285.0000,285.6900,281.6388,284.0200,2556068,AMGN
2025-01-29,280.0300,283.0399,279.3100,281.6800,2454874,AMGN
2025-01-28,280.1300,283.5000,279.9700,280.3000,2735636,AMGN
2025-01-27,277.3700,283.2250,276.1800,282.9500,3493163,AMGN
2025-01-24,276.2600,277.3625,273.5000,275.4200,2008793,AMGN
2025-01-23,273.4400,278.0000,272.3200,277.8800,2496017,AMGN
2025-01-22,272.6600,275.0150,272.0693,273.4400,3518326,AMGN
2025-01-21,272.1400,276.5000,270.2800,274.8100,3928543,AMGN
2025-01-17,276.9700,276.9700,269.7800,272.1100,3244290,AMGN
2025-01-16,268.9200,270.3100,267.1500,269.4300,2684500,AMGN
2025-01-15,269.3300,272.8179,268.5850,268.9400,3737536,AMGN
2025-01-14,271.6100,271.6100,264.9100,267.1000,2942309,AMGN
2025-01-13,262.1100,270.4900,261.2800,270.1900,3365901,AMGN
2025-01-10,260.7900,264.7900,260.5500,262.2300,2721957,AMGN
2025-01-08,261.9700,264.2500,259.8200,264.2100,2421944,AMGN
2025-01-07,260.2200,265.2055,259.3537,262.0600,3173716,AMGN
2025-01-06,259.0500,261.1900,257.0500,258.5900,4668535,AMGN
2025-01-03,260.0000,262.0800,259.7945,261.2200,2979940,AMGN
2025-01-02,262.1800,263.5800,258.3100,259.2800,2357964,AMGN
2024-12-31,260.7500,261.5400,258.8500,260.6400,1966224,AMGN
2024-12-30,260.8300,261.5600,258.5000,259.3000,3039321,AMGN
2024-12-27,261.1000,263.5000,260.5100,262.6500,2157454,AMGN
2024-12-26,262.2100,264.7300,261.7600,263.1800,1637697,AMGN
2024-12-24,262.4800,264.5500,261.3600,264.4900,1520594,AMGN
2024-12-23,263.1100,264.8000,260.8700,264.0000,3025799,AMGN
2024-12-20,269.0000,269.6100,262.2100,263.3800,13687968,AMGN
2024-12-19,258.0000,261.8050,253.3000,261.1900,4726141,AMGN
2024-12-18,265.1800,267.1900,258.6800,258.7800,4093576,AMGN
2024-12-17,265.4600,270.2561,264.8085,265.9500,4742547,AMGN
2024-12-16,270.6200,272.6900,266.2200,266.5000,3711146,AMGN
2024-12-13,272.9600,274.0650,270.0200,270.6200,2906477,AMGN
2024-12-12,273.8100,275.8750,272.1500,274.0600,3749225,AMGN
2024-12-11,276.0000,276.2800,270.5800,273.4100,4493511,AMGN
2024-12-10,277.8600,277.9000,272.3600,275.7500,2791398,AMGN
2024-12-09,273.1600,280.0000,272.2800,277.6300,3222458,AMGN
2024-12-06,275.0100,275.3550,271.4800,272.5800,3970337,AMGN
2024-12-05,277.0000,279.0400,273.1500,274.3300,3186985,AMGN
2024-12-04,275.8100,279.4100,273.8550,278.2600,4174137,AMGN
2024-12-03,277.0000,281.3799,276.5000,278.3200,5468847,AMGN
2024-12-02,282.0800,282.3910,276.8900,278.1000,4677815,AMGN
2024-11-29,279.4600,283.6400,277.6400,282.8700,2232846,AMGN
2024-11-27,279.0000,282.6900,278.0000,280.0700,6622764,AMGN
2024-11-26,264.2200,280.3400,257.8000,280.0100,17010332,AMGN
2024-11-25,293.5500,297.3235,293.5001,294.0000,4695856,AMGN
2024-11-22,290.8400,295.4800,288.7800,294.5300,3053317,AMGN
2024-11-21,288.1800,291.1100,284.1435,289.9000,3553436,AMGN
2024-11-20,281.1000,288.4800,278.5600,287.8700,4759332,AMGN
2024-11-19,277.6700,281.5997,275.5600,279.9500,3210454,AMGN
2024-11-18,279.3800,281.3600,276.5600,278.7600,3175879,AMGN
2024-11-15,291.5000,291.5000,279.6200,283.6100,5325131,AMGN
2024-11-14,297.9100,298.4800,292.3250,295.9300,3515674,AMGN
2024-11-13,306.0000,307.4300,298.9100,301.4400,3725596,AMGN
2024-11-12,319.5900,321.2200,293.8017,298.8400,6680281,AMGN
2024-11-11,325.9100,327.5800,321.6100,321.8100,2457168,AMGN
2025-04-07,32.9700,34.4400,32.3800,33.4700,46139740,CMCSA
2025-04-04,34.9300,35.3450,33.3400,33.3800,37314568,CMCSA
2025-04-03,36.6100,36.6600,35.6050,35.7200,26834110,CMCSA
2025-04-02,36.3050,36.6465,36.1100,36.6100,18827555,CMCSA
2025-04-01,36.9400,37.1350,36.5200,36.7200,20738284,CMCSA
2025-03-31,36.8300,37.0350,36.3500,36.9000,27806324,CMCSA
2025-03-28,37.2950,37.4800,36.5900,36.6200,23331680,CMCSA
2025-03-27,37.2750,37.6350,37.0400,37.3700,17856744,CMCSA
2025-03-26,37.0000,37.7200,36.8600,37.3700,25944989,CMCSA
2025-03-25,36.4700,36.9500,35.9200,36.9400,31434356,CMCSA
2025-03-24,36.7900,36.8800,36.4800,36.6000,34933620,CMCSA
2025-03-21,36.2400,36.8800,36.0800,36.7500,54564477,CMCSA
2025-03-20,35.8950,36.6900,35.8600,36.5000,17068811,CMCSA
2025-03-19,36.0500,36.2200,35.9300,36.0900,21740638,CMCSA
2025-03-18,35.8200,36.1300,35.5700,36.0100,17883082,CMCSA
2025-03-17,35.4900,35.9166,35.3400,35.7500,16899287,CMCSA
2025-03-14,35.0800,35.5900,34.6500,35.4300,27406651,CMCSA
2025-03-13,35.1700,35.9200,34.6600,34.7000,32055765,CMCSA
2025-03-12,35.7600,35.8800,34.9000,35.1900,23454953,CMCSA
2025-03-11,36.0700,36.3200,35.4800,35.9500,32233452,CMCSA
2025-03-10,37.4100,37.9800,36.0300,36.1100,43106515,CMCSA
2025-03-07,36.0800,37.6200,36.0700,37.5900,43323136,CMCSA
2025-03-06,35.5300,36.3400,35.3500,36.2700,29116332,CMCSA
2025-03-05,35.3200,35.6900,34.9700,35.5600,24536145,CMCSA
2025-03-04,36.2100,36.3150,35.2700,35.5000,31010369,CMCSA
2025-03-03,35.8700,36.2450,35.7500,35.9800,19845655,CMCSA
2025-02-28,35.6500,36.0900,35.5250,35.8800,26777627,CMCSA
2025-02-27,35.0850,35.4750,35.0000,35.3900,23252215,CMCSA
2025-02-26,35.7800,35.8300,35.0000,35.1000,31161244,CMCSA
2025-02-25,36.4500,36.9800,35.7500,35.8500,34274960,CMCSA
2025-02-24,36.3900,36.7900,36.2200,36.3000,28121999,CMCSA
2025-02-21,36.5550,36.6500,36.1900,36.2400,21415333,CMCSA
2025-02-20,36.3900,36.7150,36.0900,36.4100,25850098,CMCSA
2025-02-19,36.4400,36.7500,36.2800,36.4800,22701278,CMCSA
2025-02-18,35.2620,36.3800,35.1050,36.3500,24015288,CMCSA
2025-02-14,35.4000,35.6200,35.2900,35.3900,17933379,CMCSA
2025-02-13,35.0400,35.5000,34.9411,35.3800,20563765,CMCSA
2025-02-12,34.9200,35.2277,34.8900,34.9000,23440636,CMCSA
2025-02-11,34.0800,35.3550,34.0800,35.2300,32640466,CMCSA
2025-02-10,34.7300,34.7800,34.3900,34.4700,26992440,CMCSA
2025-02-07,34.6200,34.6700,34.1017,34.3700,24083958,CMCSA
2025-02-06,34.1000,34.4800,33.7500,34.4700,29838282,CMCSA
2025-02-05,33.5500,33.9500,33.3100,33.9400,33492022,CMCSA
2025-02-04,32.6800,33.6100,32.6100,33.5500,40510660,CMCSA
2025-02-03,33.1100,33.7800,33.0400,33.1900,45432427,CMCSA
2025-01-31,33.4700,34.0100,33.3000,33.6600,39175601,CMCSA
2025-01-30,34.4200,34.6800,32.5000,33.2500,77358162,CMCSA
2025-01-29,37.6900,37.8250,37.2500,37.3600,21538229,CMCSA
2025-01-28,37.9500,38.1750,37.4700,37.5500,17896049,CMCSA
2025-01-27,37.5700,38.4000,37.5600,38.2300,24497918,CMCSA
2025-01-24,37.3600,37.6400,37.2800,37.6200,18256167,CMCSA
2025-01-23,37.2700,37.5350,36.9100,37.4700,17469183,CMCSA
2025-01-22,36.8600,37.2000,36.5100,37.1100,21121077,CMCSA
2025-01-21,36.5800,37.2500,36.5400,36.9700,21125856,CMCSA
2025-01-17,36.7500,36.9100,36.4500,36.5800,22040302,CMCSA
2025-01-16,36.5200,36.6400,36.2700,36.3100,21114140,CMCSA
2025-01-15,36.7700,36.8500,36.2800,36.5000,22268498,CMCSA
2025-01-14,36.6300,36.6400,36.1500,36.3800,25100070,CMCSA
2025-01-13,36.5100,36.7200,36.2500,36.4500,19973258,CMCSA
2025-01-10,36.7920,37.1650,36.3200,36.3600,27687009,CMCSA
2025-01-08,36.7800,37.2400,36.2400,37.1700,27293624,CMCSA
2025-01-07,37.4400,37.7650,37.0100,37.1800,16527597,CMCSA
2025-01-06,37.3400,38.1600,37.2900,37.4900,31417814,CMCSA
2025-01-03,37.6200,37.7400,37.3700,37.6700,20335583,CMCSA
2025-01-02,37.8000,37.9500,37.2000,37.4200,28786110,CMCSA
2024-12-31,37.3100,37.5950,37.2350,37.5300,13705293,CMCSA
2024-12-30,37.7800,37.8800,37.1100,37.3900,23728315,CMCSA
2024-12-27,37.8400,38.2497,37.6900,37.9300,15394230,CMCSA
2024-12-26,38.2500,38.4550,38.0900,38.2500,10860730,CMCSA
2024-12-24,37.8500,38.4200,37.7100,38.4000,7493087,CMCSA
2024-12-23,38.0300,38.2100,37.6700,37.9800,16681362,CMCSA
2024-12-20,37.5900,38.3100,37.3100,38.2200,60040080,CMCSA
2024-12-19,37.9500,38.0400,37.2500,37.4000,22646545,CMCSA
2024-12-18,38.5456,38.9400,37.7900,37.8600,22644592,CMCSA
2024-12-17,38.8700,39.1200,38.5600,38.8000,19193101,CMCSA
2024-12-16,39.0940,39.7450,38.7900,38.8600,20182815,CMCSA
2024-12-13,39.7500,40.2000,39.6600,39.9200,18032626,CMCSA
2024-12-12,39.9200,40.3700,39.8300,40.2400,22465505,CMCSA
2024-12-11,39.4650,39.8400,39.4200,39.7100,23922876,CMCSA
2024-12-10,39.0700,39.7900,38.5300,39.5300,28678092,CMCSA
2024-12-09,43.2100,43.3000,38.7600,39.0500,45253852,CMCSA
2024-12-06,42.7500,43.1900,42.7300,43.1500,15608585,CMCSA
2024-12-05,42.6100,42.9750,42.4600,42.7900,13615045,CMCSA
2024-12-04,42.7100,42.9730,42.3800,42.5500,14620998,CMCSA
2024-12-03,43.2200,43.4500,42.8250,42.8600,14352200,CMCSA
2024-12-02,43.0100,43.3100,42.6800,43.2900,16253456,CMCSA
2024-11-29,42.4600,43.2700,42.4200,43.1900,9556976,CMCSA
2024-11-27,42.6100,43.0400,42.5300,42.5600,16236129,CMCSA
2024-11-26,43.0000,43.2600,42.4400,42.6400,18392625,CMCSA
2024-11-25,43.9200,44.0300,43.1300,43.2000,23525960,CMCSA
2024-11-22,43.2600,43.7200,43.1600,43.4700,10637295,CMCSA
2024-11-21,43.1000,43.7300,42.5100,43.5000,15647161,CMCSA
2024-11-20,42.7500,43.0200,41.9900,42.9900,21068587,CMCSA
2024-11-19,42.6000,42.7700,42.3100,42.3200,29279270,CMCSA
2024-11-18,42.8500,43.2150,42.7500,43.0000,19101324,CMCSA
2024-11-15,43.4800,43.8200,42.5800,42.8800,18344398,CMCSA
2024-11-14,43.9100,44.0600,43.1900,43.4800,20179020,CMCSA
2024-11-13,43.6600,44.1900,43.5100,43.9100,11593405,CMCSA
2024-11-12,43.9000,44.2000,43.8450,44.0400,13411894,CMCSA
2024-11-11,43.9600,44.6300,43.9123,44.2000,11088928,CMCSA
2025-04-07,19.1400,20.6700,18.5600,19.5700,142491152,INTC
2025-04-04,21.7000,22.2000,19.7000,19.8500,175014739,INTC
2025-04-03,21.4000,23.9000,20.8600,22.4300,242972129,INTC
2025-04-02,21.8900,22.3800,21.7000,21.9800,58878848,INTC
2025-04-01,22.5600,22.6200,21.6600,22.0500,64060355,INTC
2025-03-31,22.3800,22.7450,21.7500,22.7100,65832019,INTC
2025-03-28,23.3500,23.5800,22.5600,22.7100,58365257,INTC
2025-03-27,23.2850,23.7600,22.8550,23.6200,57720584,INTC
2025-03-26,24.2500,24.4194,23.2500,23.4200,59678008,INTC
2025-03-25,24.1750,24.7500,24.1100,24.2000,51743281,INTC
2025-03-24,24.7150,24.9900,24.1300,24.2200,69169028,INTC
2025-03-21,23.6000,24.7000,23.4900,24.2600,94110710,INTC
2025-03-20,23.7700,24.3100,23.7300,23.9600,68937584,INTC
2025-03-19,24.9000,25.2299,24.0300,24.1200,135491427,INTC
2025-03-18,25.5500,26.4100,25.3900,25.9200,132488822,INTC
2025-03-17,24.4200,26.1450,24.3700,25.6900,160723633,INTC
2025-03-14,23.6750,24.3700,23.5200,24.0500,116901643,INTC
2025-03-13,23.5000,24.5300,23.1300,23.7000,243260993,INTC
2025-03-12,20.7900,21.1700,20.2100,20.6800,128671089,INTC
2025-03-11,19.9650,20.0600,19.2900,19.7800,80788985,INTC
2025-03-10,20.2400,20.5100,19.6500,19.9300,79671246,INTC
2025-03-07,20.2700,21.2000,20.1100,20.6400,81099646,INTC
2025-03-06,20.2600,21.1300,20.0000,20.7500,96466381,INTC
2025-03-05,21.3300,21.3600,20.1800,20.8100,127219259,INTC
2025-03-04,22.5400,22.6300,20.7600,21.3300,152182200,INTC
2025-03-03,25.0000,25.0400,22.5200,22.7400,141348692,INTC
2025-02-28,23.0200,24.4400,22.6400,23.7300,104133777,INTC
2025-02-27,23.7000,24.4000,23.0700,23.0900,97871945,INTC
2025-02-26,23.2450,23.8200,23.2100,23.5200,67449304,INTC
2025-02-25,24.2100,24.2800,22.7701,22.9900,88886469,INTC
2025-02-24,24.5500,24.8000,23.6200,24.2700,91358071,INTC
2025-02-21,25.9600,26.2900,24.8400,24.8700,111630859,INTC
2025-02-20,25.5600,26.1200,24.4800,26.0900,144939566,INTC
2025-02-19,25.9800,26.3300,25.4600,25.7200,151881727,INTC
2025-02-18,24.6000,27.5500,24.4900,27.3900,284292210,INTC
2025-02-14,24.3600,25.1900,22.8600,23.6000,230254092,INTC
2025-02-13,22.8400,24.8300,22.7900,24.1300,248661333,INTC
2025-02-12,21.9800,22.5600,20.9300,22.4800,162631182,INTC
2025-02-11,19.8700,21.8800,19.8618,20.9700,150960704,INTC
2025-02-10,19.2500,20.0800,19.2400,19.7700,73007266,INTC
2025-02-07,19.3500,19.3600,19.0300,19.1000,58277917,INTC
2025-02-06,19.5100,19.7000,19.2200,19.3800,45553771,INTC
2025-02-05,19.1900,19.7700,18.9100,19.6500,66250254,INTC
2025-02-04,19.1000,19.5300,19.0200,19.2900,54098200,INTC
2025-02-03,18.9700,19.7500,18.7800,19.3800,77523142,INTC
2025-01-31,20.1000,20.3300,19.3800,19.4300,117474899,INTC
2025-01-30,19.7200,20.1000,19.4300,20.0100,108166983,INTC
2025-01-29,19.8700,20.0800,19.6600,19.7500,86506821,INTC
2025-01-28,20.3400,20.3420,19.7400,19.8000,73411385,INTC
2025-01-27,20.8100,21.0600,20.1400,20.2900,83582097,INTC
2025-01-24,21.3600,21.4100,20.7500,20.8300,66300614,INTC
2025-01-23,21.6900,21.7500,21.3500,21.5700,55778156,INTC
2025-01-22,21.7250,22.2850,21.5700,21.8600,60972578,INTC
2025-01-21,22.0300,22.4100,21.7500,21.7700,96262179,INTC
2025-01-17,21.2600,21.6200,20.7900,21.4900,166483914,INTC
2025-01-16,19.7500,19.9500,19.4000,19.6700,44898059,INTC
2025-01-15,19.4000,19.7700,19.1710,19.7200,56305989,INTC
2025-01-14,19.3600,19.5200,18.8200,19.2000,47147526,INTC
2025-01-13,18.9200,19.2490,18.7300,19.2000,50668970,INTC
2025-01-10,19.6600,19.6600,18.9100,19.1500,71244581,INTC
2025-01-08,19.8250,20.1200,19.7100,19.8800,47897071,INTC
2025-01-07,20.0200,20.3400,19.9000,20.0100,61726060,INTC
2025-01-06,20.8300,20.9800,19.7800,19.8700,83270990,INTC
2025-01-03,20.3900,20.6650,20.0600,20.5600,48983942,INTC
2025-01-02,20.2300,20.4300,20.0000,20.2200,46438529,INTC
2024-12-31,19.9900,20.4000,19.8800,20.0500,49846656,INTC
2024-12-30,20.0100,20.1150,19.7300,19.8200,59608126,INTC
2024-12-27,20.2100,20.6050,20.0900,20.3000,48260830,INTC
2024-12-26,20.2300,20.6650,20.0800,20.4400,39950380,INTC
2024-12-24,20.2200,20.4000,19.9600,20.4000,29884026,INTC
2024-12-23,19.5800,20.2300,19.5200,20.2000,57988375,INTC
2024-12-20,18.9700,19.7600,18.9000,19.5200,108453667,INTC
2024-12-19,19.5300,19.6900,19.0300,19.0600,69117805,INTC
2024-12-18,20.4800,20.5800,19.2100,19.3000,86041243,INTC
2024-12-17,20.6400,20.7700,20.2925,20.4400,51767153,INTC
2024-12-16,20.1700,21.1000,20.0000,20.8300,73832891,INTC
2024-12-13,20.6000,20.8000,20.2500,20.3400,55104079,INTC
2024-12-12,20.0200,20.9000,19.9200,20.7800,77695010,INTC
2024-12-11,20.1400,20.2500,19.8700,20.1200,75209342,INTC
2024-12-10,20.8300,20.8600,19.9600,20.1600,90004833,INTC
2024-12-09,20.9200,21.0600,20.7300,20.8100,68818217,INTC
2024-12-06,20.9500,21.0500,20.6600,20.9200,78539132,INTC
2024-12-05,22.0400,22.1900,20.6600,20.8000,167993483,INTC
2024-12-04,22.5300,22.5400,21.8100,21.9600,104648976,INTC
2024-12-03,23.6800,23.7500,22.4400,22.4700,138160493,INTC
2024-12-02,24.8400,25.4800,23.4400,23.9300,150497884,INTC
2024-11-29,23.7200,24.2800,23.6000,24.0500,36616750,INTC
2024-11-27,23.8300,23.9300,23.0600,23.6500,53992319,INTC
2024-11-26,24.9500,24.9850,23.8100,24.0500,69613557,INTC
2024-11-25,25.0400,25.5650,24.7600,24.8700,91128387,INTC
2024-11-22,24.3500,24.6800,24.1400,24.5000,36784715,INTC
2024-11-21,24.0800,24.7700,23.8300,24.4400,58928410,INTC
2024-11-20,24.0700,24.2100,23.5500,24.0100,50191510,INTC
2024-11-19,24.5000,24.5400,24.0950,24.2000,61190859,INTC
2024-11-18,24.3300,25.0200,24.1600,24.8400,59667333,INTC
2024-11-15,24.8100,24.8200,24.2300,24.3500,55104875,INTC
2024-11-14,25.1200,25.6100,24.9346,25.0300,49252121,INTC
2024-11-13,24.0600,25.1400,24.0200,24.9200,58201972,INTC
2024-11-12,24.6600,24.9600,23.8900,24.1600,62539733,INTC
2024-11-11,25.9600,26.2863,24.8300,25.0500,80185321,INTC
2025-04-07,566.6500,632.7700,551.3300,604.6200,2996457,KLAC
2025-04-04,592.5400,600.0000,559.7600,576.5300,2072781,KLAC
2025-04-03,652.2100,656.9200,620.2700,620.8200,1525284,KLAC
2025-04-02,667.2900,695.6150,667.2900,686.1900,791088,KLAC
2025-04-01,674.0000,682.8000,662.1800,682.4600,669678,KLAC
2025-03-31,672.9900,681.1400,655.4200,679.8000,1165423,KLAC
2025-03-28,685.3700,694.1650,667.1800,673.6000,989522,KLAC
2025-03-27,700.3500,707.1300,692.0000,700.0000,735127,KLAC
2025-03-26,721.4900,724.1719,698.8100,705.5400,734823,KLAC
2025-03-25,724.6200,727.1650,718.7300,721.8500,498846,KLAC
2025-03-24,722.7100,735.1400,716.4000,727.7300,730196,KLAC
2025-03-21,702.3100,709.3800,692.3600,706.4900,2454980,KLAC
2025-03-20,708.8200,719.6600,707.6750,716.4600,629463,KLAC
2025-03-19,710.0000,730.0650,704.9470,719.6100,753410,KLAC
2025-03-18,711.9000,712.8000,698.0600,710.0000,950774,KLAC
2025-03-17,705.7400,724.1999,705.5300,718.2900,976192,KLAC
2025-03-14,689.9700,713.7400,689.9700,713.0000,1142942,KLAC
2025-03-13,676.6200,694.0000,668.6600,681.5000,931038,KLAC
2025-03-12,676.0400,686.7500,671.8150,680.3900,884143,KLAC
2025-03-11,677.3900,680.3150,653.7392,664.2200,1058740,KLAC
2025-03-10,693.8200,697.2200,670.5800,678.3600,1371143,KLAC
2025-03-07,688.2000,714.1150,680.2200,711.2900,1088332,KLAC
2025-03-06,697.2700,711.6600,683.9800,692.1300,1135733,KLAC
2025-03-05,701.1100,717.2400,689.6250,715.8100,915815,KLAC
2025-03-04,693.4700,716.0100,678.5600,699.0000,1182647,KLAC
2025-03-03,714.5300,728.1050,686.3600,691.1500,1304761,KLAC
2025-02-28,705.8400,713.5000,691.9300,708.8400,1242658,KLAC
2025-02-27,743.0500,750.0000,698.6400,699.1600,1325309,KLAC
2025-02-26,733.3300,751.1100,729.9800,738.5200,1247355,KLAC
2025-02-25,736.2900,736.2900,721.4650,724.9700,1068675,KLAC
2025-02-24,761.9900,763.0300,736.0000,737.5700,1110871,KLAC
2025-02-21,779.7400,782.4100,751.0600,754.3000,872487,KLAC
2025-02-20,780.0000,794.0000,771.0100,777.6300,883662,KLAC
2025-02-19,761.1300,777.0000,753.0900,774.7500,936676,KLAC
2025-02-18,758.0400,760.2050,737.9389,758.2500,1353985,KLAC
2025-02-14,760.1700,769.5200,739.0200,750.7400,998568,KLAC
2025-02-13,751.0300,765.0000,750.0800,764.2800,711736,KLAC
2025-02-12,742.5300,754.6700,738.5400,750.5500,476627,KLAC
2025-02-11,754.5500,761.9600,749.1600,758.6200,591916,KLAC
2025-02-10,759.6800,761.2500,743.6800,751.4600,1564482,KLAC
2025-02-07,761.8000,767.2683,744.2200,747.7000,664613,KLAC
2025-02-06,757.6800,764.2400,753.2179,761.8200,579429,KLAC
2025-02-05,742.6300,761.9150,740.9400,759.1500,677459,KLAC
2025-02-04,732.8300,756.0000,732.8300,749.3200,999914,KLAC
2025-02-03,727.3900,753.0000,726.3700,740.2100,1216805,KLAC
2025-01-31,758.9300,770.2450,735.0000,738.2400,1632293,KLAC
2025-01-30,731.2800,746.1100,722.0000,742.4300,1711041,KLAC
2025-01-29,721.0800,721.8800,707.7800,712.9700,729192,KLAC
2025-01-28,697.3300,708.8900,689.2200,702.9200,1387277,KLAC
2025-01-27,716.6000,724.9500,685.1950,702.7100,2357838,KLAC
2025-01-24,765.0500,765.7900,743.1500,749.8200,745393,KLAC
2025-01-23,753.2700,761.8700,741.2900,760.9500,822209,KLAC
2025-01-22,773.3600,787.1300,771.5800,771.9100,1200497,KLAC
2025-01-21,762.3000,778.4300,751.2250,767.2400,1369986,KLAC
2025-01-17,762.9500,763.3000,747.6100,757.4700,1402625,KLAC
2025-01-16,735.0000,779.0700,733.5800,747.2600,2019567,KLAC
2025-01-15,715.0000,727.3699,713.5400,716.2500,1368320,KLAC
2025-01-14,692.9900,701.3900,686.5600,701.2600,1039076,KLAC
2025-01-13,674.1900,691.9700,665.4900,690.9900,1319005,KLAC
2025-01-10,683.9000,694.5700,671.6450,683.0600,1254470,KLAC
2025-01-08,690.0000,692.0000,678.9650,686.2000,1093358,KLAC
2025-01-07,694.7800,705.8700,683.2600,689.3000,1283675,KLAC
2025-01-06,673.6000,696.8700,673.5100,690.3000,1676619,KLAC
2025-01-03,643.9000,658.7100,640.3150,657.0100,865223,KLAC
2025-01-02,634.6900,649.4300,631.8900,636.6200,892356,KLAC
2024-12-31,633.5000,638.0000,627.1725,630.1200,646215,KLAC
2024-12-30,633.8100,637.2400,626.6000,633.6400,688097,KLAC
2024-12-27,647.1700,647.7200,638.0100,644.8100,729677,KLAC
2024-12-26,644.2200,653.8900,642.0500,648.5500,454072,KLAC
2024-12-24,645.0500,652.0000,641.2600,650.5300,349506,KLAC
2024-12-23,631.5800,649.5100,631.5800,647.9900,886486,KLAC
2024-12-20,616.4300,641.0550,613.4000,629.3700,2652165,KLAC
2024-12-19,624.1600,635.2761,620.5800,622.1800,1116151,KLAC
2024-12-18,658.6550,669.0950,625.6100,630.7700,1452086,KLAC
2024-12-17,659.9700,668.9000,652.0850,654.8800,1252432,KLAC
2024-12-16,649.6800,664.5300,645.4150,656.1300,1014463,KLAC
2024-12-13,648.0000,663.8700,647.5802,653.7600,1463409,KLAC
2024-12-12,646.8700,649.8900,637.9100,646.6000,698152,KLAC
2024-12-11,646.9700,657.1200,642.0800,648.8400,1107409,KLAC
2024-12-10,657.8300,657.8300,638.4700,641.8700,915190,KLAC
2024-12-09,659.0100,666.3400,645.8200,652.3700,1093342,KLAC
2024-12-06,641.1500,650.7100,638.1800,648.3400,862519,KLAC
2024-12-05,660.3800,662.9200,641.3900,642.6100,1028367,KLAC
2024-12-04,670.1800,670.5000,655.6700,666.2200,1459490,KLAC
2024-12-03,661.1300,667.1800,656.8200,665.7200,1376564,KLAC
2024-12-02,645.0100,669.0700,645.0000,666.0300,1380516,KLAC
2024-11-29,644.8100,661.5000,643.2700,647.0300,925673,KLAC
2024-11-27,631.4700,633.9850,621.2300,632.1400,942793,KLAC
2024-11-26,651.1800,651.1800,623.8600,631.4700,923437,KLAC
2024-11-25,646.6900,646.6900,632.1050,644.6700,1912957,KLAC
2024-11-22,630.0000,643.0300,630.0000,639.5500,982002,KLAC
2024-11-21,627.8000,637.9600,620.0000,633.1600,1386198,KLAC
2024-11-20,616.4900,619.9499,609.8900,616.8300,1195320,KLAC
2024-11-19,616.4800,618.4100,609.4000,615.6600,1409149,KLAC
2024-11-18,614.2300,623.7737,611.7700,620.2600,1223583,KLAC
2024-11-15,620.5300,630.0000,612.3500,614.4600,1712201,KLAC
2024-11-14,660.0000,660.0000,642.7400,645.0000,1169870,KLAC
2024-11-13,654.0600,655.9900,638.3200,644.5500,1505369,KLAC
2024-11-12,663.0100,669.2600,654.8600,664.7800,1111627,KLAC
2024-11-11,684.0000,685.2050,656.7400,666.0300,1423059,KLAC
2025-04-07,88.6600,94.0000,86.1247,88.1400,5586070,PCAR
2025-04-04,90.6100,93.9650,89.6700,90.8800,6326891,PCAR
2025-04-03,95.7200,96.3800,92.2100,92.3600,4165836,PCAR
2025-04-02,97.6000,99.2500,96.8100,99.0900,2001563,PCAR
2025-04-01,97.3600,98.5800,96.0100,98.2900,2194121,PCAR
2025-03-31,96.9000,98.1150,95.8600,97.3700,3356826,PCAR
2025-03-28,98.1000,98.6850,96.5950,96.9100,2320505,PCAR
2025-03-27,99.5400,99.6250,97.9200,98.1900,2250818,PCAR
2025-03-26,99.4100,100.2900,98.9200,99.5300,1981947,PCAR
2025-03-25,98.9600,99.3850,98.2300,99.2400,1956719,PCAR
2025-03-24,98.4100,99.0600,97.9400,98.6400,2562497,PCAR
2025-03-21,97.3900,97.8450,96.2400,97.1100,8554989,PCAR
2025-03-20,99.3000,99.5650,98.0000,98.3200,2483354,PCAR
2025-03-19,99.9000,101.4300,98.9100,99.5900,2233920,PCAR
2025-03-18,100.6900,101.2300,99.5250,100.2100,1862984,PCAR
2025-03-17,98.6200,101.8150,98.5600,101.1700,2434163,PCAR
2025-03-14,99.3900,99.6650,98.2200,99.2100,3389801,PCAR
2025-03-13,97.4100,100.3250,96.8000,98.4200,6074140,PCAR
2025-03-12,104.7900,104.9000,101.4100,102.3300,2691017,PCAR
2025-03-11,110.2200,110.2200,104.6700,104.7200,3946434,PCAR
2025-03-10,109.9500,115.4300,109.4400,110.5600,4923406,PCAR
2025-03-07,106.6400,110.4000,106.4000,110.0600,3080094,PCAR
2025-03-06,102.5600,107.2100,102.1000,106.8900,3289032,PCAR
2025-03-05,100.8400,103.2000,99.8200,102.9700,2327578,PCAR
2025-03-04,104.6000,104.7700,101.0500,101.4800,3245525,PCAR
2025-03-03,107.8200,108.5000,104.3600,105.0200,2467939,PCAR
2025-02-28,106.4200,107.4700,105.5500,107.2400,3414440,PCAR
2025-02-27,105.8500,107.1700,105.1700,105.5000,2136981,PCAR
2025-02-26,106.7600,107.2600,105.9200,106.0300,2280217,PCAR
2025-02-25,106.6400,108.1000,105.4800,106.5800,3738291,PCAR
2025-02-24,105.2300,106.4106,104.7400,106.2500,3477888,PCAR
2025-02-21,106.3800,106.4800,103.1800,104.4600,2978755,PCAR
2025-02-20,106.4400,106.7500,105.5500,106.4600,1804440,PCAR
2025-02-19,105.9600,107.5950,105.7900,107.2100,1957378,PCAR
2025-02-18,106.3750,106.5800,104.9400,106.5400,1979940,PCAR
2025-02-14,105.5500,106.3900,104.9540,105.9600,1849845,PCAR
2025-02-13,102.8700,105.5100,102.5400,105.2600,2315313,PCAR
2025-02-12,104.3500,104.6100,102.0700,103.1100,4474112,PCAR
2025-02-11,105.3500,106.3250,105.2100,106.0900,1203675,PCAR
2025-02-10,106.8300,107.1100,105.8000,106.1100,1747104,PCAR
2025-02-07,107.7600,108.1050,105.8850,106.0200,1642495,PCAR
2025-02-06,107.6400,108.2850,106.8800,107.6800,1308433,PCAR
2025-02-05,108.0800,108.2100,105.1800,106.9900,2191707,PCAR
2025-02-04,109.3700,109.7800,108.4200,108.4800,2274192,PCAR
2025-02-03,109.7100,111.1900,107.6400,109.1300,2439076,PCAR
2025-01-31,112.1700,112.6550,110.6800,110.8800,2024772,PCAR
2025-01-30,111.0900,112.7400,110.8900,112.5100,2834439,PCAR
2025-01-29,109.9900,111.9100,109.7500,110.8900,3747407,PCAR
2025-01-28,106.1600,110.9861,104.3101,107.2500,4427374,PCAR
2025-01-27,109.3500,110.0800,108.1450,109.9100,3213946,PCAR
2025-01-24,110.0200,110.2900,109.0100,109.9000,2406048,PCAR
2025-01-23,110.3500,110.7300,109.7100,110.0600,1359421,PCAR
2025-01-22,110.2200,110.7800,109.5000,109.8400,2135931,PCAR
2025-01-21,110.4000,111.3900,109.8100,110.1100,2505716,PCAR
2025-01-17,111.4700,111.7150,109.7200,110.3300,1981147,PCAR
2025-01-16,109.4500,110.0100,108.4200,109.4800,1891399,PCAR
2025-01-15,111.5700,111.9300,109.5800,109.6300,2063002,PCAR
2025-01-14,110.2500,111.4268,109.4400,110.2000,1836012,PCAR
2025-01-13,106.6900,108.5200,106.0000,108.1600,2169302,PCAR
2025-01-10,106.8600,107.3900,105.1900,106.5800,2561241,PCAR
2025-01-08,109.3000,110.5300,107.9600,108.5000,2512821,PCAR
2025-01-07,107.7700,111.0650,107.7000,109.5600,3220177,PCAR
2025-01-06,105.6300,108.6550,105.1357,107.2400,2227286,PCAR
2025-01-03,104.2800,105.1500,102.7550,104.9000,1937160,PCAR
2025-01-02,104.9700,105.6000,102.9300,103.4200,1371448,PCAR
2024-12-31,104.2300,104.4800,103.4000,104.0200,1311385,PCAR
2024-12-30,104.1200,104.1300,102.6400,103.6100,1608671,PCAR
2024-12-27,104.5400,105.7500,103.3900,104.5700,1640105,PCAR
2024-12-26,105.1800,105.7300,104.3600,105.4300,940817,PCAR
2024-12-24,104.7000,105.2500,103.7700,105.1800,978912,PCAR
2024-12-23,105.0200,105.3200,104.0100,104.7000,1897811,PCAR
2024-12-20,104.7700,106.7500,103.7700,105.3200,6356602,PCAR
2024-12-19,108.6500,109.5500,106.7600,107.5100,3183623,PCAR
2024-12-18,111.7200,112.1800,107.7200,107.7800,2809007,PCAR
2024-12-17,112.1300,113.8850,111.4800,111.6600,2955600,PCAR
2024-12-16,113.3200,113.4600,111.6300,112.3300,1971216,PCAR
2024-12-13,112.5900,113.5500,111.7300,113.0100,1484895,PCAR
2024-12-12,115.7800,115.9100,111.7100,112.8000,2166247,PCAR
2024-12-11,116.2900,116.8600,115.6700,115.8500,2218369,PCAR
2024-12-10,114.8400,116.6400,113.4700,115.3700,1875702,PCAR
2024-12-09,115.8700,116.4600,114.6900,114.8300,1870023,PCAR
2024-12-06,116.7100,117.0000,115.0589,115.8800,1916392,PCAR
2024-12-05,117.7700,118.1900,116.6000,117.6200,2029364,PCAR
2024-12-04,118.0900,118.8100,117.1900,118.4100,2046320,PCAR
2024-12-03,116.7500,117.5300,116.3800,116.8500,1862133,PCAR
2024-12-02,117.0000,117.1350,115.6800,116.2400,1651765,PCAR
2024-11-29,116.6400,117.4600,116.2000,117.0000,1069530,PCAR
2024-11-27,115.6200,116.3700,115.0000,116.1800,1685692,PCAR
2024-11-26,115.8300,116.2900,114.5900,115.8200,2131315,PCAR
2024-11-25,115.6100,116.6700,115.4000,116.5400,2976619,PCAR
2024-11-22,113.6700,115.0300,113.2600,114.7500,1802041,PCAR
2024-11-21,111.4400,114.5200,110.8300,114.0500,1620633,PCAR
2024-11-20,110.1800,110.9687,109.1400,109.9900,1457026,PCAR
2024-11-19,110.6400,111.3200,110.1800,110.3800,1636881,PCAR
2024-11-18,112.9200,113.2500,111.8150,111.8800,1912951,PCAR
2024-11-15,114.7800,115.2900,111.9100,112.2600,2528677,PCAR
2024-11-14,116.6800,117.2200,114.8400,115.0600,1713683,PCAR
2024-11-13,117.4900,117.6800,116.0000,116.8000,2628870,PCAR
2024-11-12,116.0000,117.2100,115.4600,116.7900,3690002,PCAR
2024-11-11,115.2800,116.9400,115.0000,116.4300,1927157,PCAR
2025-04-07,187.6200,196.3800,184.6144,190.5400,5369356,CTAS
2025-04-04,204.5700,204.5700,190.1400,190.3300,3969734,CTAS
2025-04-03,202.8300,209.3950,201.6000,204.8500,2244348,CTAS
2025-04-02,206.1900,209.2100,205.8300,208.6700,1613671,CTAS
2025-04-01,205.5500,208.2000,204.2800,207.8700,1637965,CTAS
2025-03-31,203.8500,206.7400,202.5500,205.5300,2595703,CTAS
2025-03-28,206.4800,206.4800,202.5300,203.2200,1685080,CTAS
2025-03-27,202.5900,207.8700,202.5900,206.2500,2324758,CTAS
2025-03-26,204.5400,212.7000,204.0100,204.7100,3688493,CTAS
2025-03-25,194.4300,195.0500,192.1400,193.4600,2092415,CTAS
2025-03-24,191.9200,194.8150,191.2750,194.5700,2049895,CTAS
2025-03-21,192.1300,192.4000,189.9050,191.1700,2574800,CTAS
2025-03-20,194.9100,196.5000,192.8200,194.4600,1583196,CTAS
2025-03-19,193.3600,196.8250,193.0800,196.3700,1470805,CTAS
2025-03-18,194.0000,194.9700,192.3800,193.4100,1656579,CTAS
2025-03-17,191.9400,195.5200,191.1750,195.1700,1532188,CTAS
2025-03-14,190.2500,193.4600,189.5200,192.8400,1509848,CTAS
2025-03-13,191.8600,192.1900,189.3700,190.5800,1609728,CTAS
2025-03-12,197.0900,197.6633,191.8700,192.2100,2339470,CTAS
2025-03-11,201.4500,201.5700,195.7100,196.5600,1887604,CTAS
2025-03-10,201.8800,205.6500,199.7200,200.6100,1812969,CTAS
2025-03-07,199.8400,203.6900,198.3400,203.0600,1805054,CTAS
2025-03-06,203.8000,203.8000,198.4504,200.6000,1947931,CTAS
2025-03-05,202.3000,206.6500,202.2600,205.2900,1281754,CTAS
2025-03-04,208.3000,209.7200,204.3535,204.5600,1661992,CTAS
2025-03-03,206.8600,210.1550,206.2800,207.4300,1685275,CTAS
2025-02-28,204.5200,207.6700,204.4100,207.5000,1839518,CTAS
2025-02-27,204.9300,206.8700,203.2900,203.3700,1688784,CTAS
2025-02-26,203.3900,207.5200,202.5700,204.3100,1519566,CTAS
2025-02-25,202.2350,207.4900,202.2350,205.8200,2205974,CTAS
2025-02-24,204.6200,206.4667,203.2000,203.3500,1613660,CTAS
2025-02-21,205.9300,206.3300,203.6200,204.4300,2302597,CTAS
2025-02-20,206.9000,207.2150,204.6300,205.9300,1340292,CTAS
2025-02-19,204.3600,208.6600,204.2100,208.1400,2326370,CTAS
2025-02-18,202.7200,204.0100,201.6200,203.7400,1388110,CTAS
2025-02-14,206.0000,207.2200,204.2000,204.2200,1062603,CTAS
2025-02-13,205.1800,206.8400,204.9200,205.9900,1272975,CTAS
2025-02-12,203.3100,205.5400,202.1350,204.6100,1309096,CTAS
2025-02-11,204.2900,205.6655,202.4100,205.4000,1093615,CTAS
2025-02-10,203.5500,205.1900,201.8700,203.9700,1530464,CTAS
2025-02-07,205.0000,205.6300,201.8400,202.0600,2114635,CTAS
2025-02-06,202.1200,204.5400,201.1600,204.2900,1343958,CTAS
2025-02-05,201.3000,202.1700,198.9600,201.6000,2009292,CTAS
2025-02-04,201.0100,202.3900,199.6600,200.6100,1452077,CTAS
2025-02-03,202.4180,203.0000,198.5900,202.2100,1789100,CTAS
2025-01-31,201.1300,202.5400,200.0600,200.5700,1321576,CTAS
2025-01-30,199.4200,202.3200,199.4200,202.1800,883858,CTAS
2025-01-29,201.4500,201.7200,198.4200,198.5600,836269,CTAS
2025-01-28,202.7500,203.1200,200.3600,200.4300,1471178,CTAS
2025-01-27,195.5000,202.9400,195.2200,202.5600,2637912,CTAS
2025-01-24,197.0600,198.4208,197.0100,197.3900,874024,CTAS
2025-01-23,198.5300,198.7800,196.9350,197.8000,1114217,CTAS
2025-01-22,201.2300,201.4500,198.9500,199.0200,1578125,CTAS
2025-01-21,198.9600,202.3200,198.9600,201.2300,2237797,CTAS
2025-01-17,201.3100,201.3100,197.5500,198.3100,1673347,CTAS
2025-01-16,196.4000,199.2400,196.2450,198.0500,1417892,CTAS
2025-01-15,194.8600,196.0500,194.0000,195.7000,1466838,CTAS
2025-01-14,190.0400,192.3600,189.3650,192.2800,1585371,CTAS
2025-01-13,188.6000,191.1800,187.6700,190.6000,1587843,CTAS
2025-01-10,191.5000,194.2400,189.1900,189.3000,2331026,CTAS
2025-01-08,189.3400,193.1100,188.3300,192.6500,3206403,CTAS
2025-01-07,187.5200,192.8900,186.4650,188.7200,3618460,CTAS
2025-01-06,185.6500,187.0250,184.0800,185.1000,2589566,CTAS
2025-01-03,182.7600,186.4580,182.7600,185.8500,2105637,CTAS
2025-01-02,183.5900,184.0750,180.9800,182.0900,1754371,CTAS
2024-12-31,183.8800,184.1500,181.9200,182.7000,2041043,CTAS
2024-12-30,182.5600,184.5500,180.7800,183.6800,1867274,CTAS
2024-12-27,183.3200,185.1900,182.1400,183.3700,1572727,CTAS
2024-12-26,186.9500,187.8893,184.9700,185.1300,1526660,CTAS
2024-12-24,187.1500,188.3900,186.6600,188.3500,908655,CTAS
2024-12-23,187.1300,188.2800,185.3400,187.1200,2663202,CTAS
2024-12-20,181.5900,187.7400,181.1500,186.9400,6170253,CTAS
2024-12-19,192.6600,193.6900,182.2100,182.7900,6209806,CTAS
2024-12-18,207.9700,210.3100,204.3100,204.3900,3568500,CTAS
2024-12-17,210.0000,212.4100,208.0300,208.3800,3241438,CTAS
2024-12-16,211.4000,213.8900,211.1200,211.8000,3075311,CTAS
2024-12-13,210.7500,211.9800,209.4000,211.2200,1370666,CTAS
2024-12-12,210.6700,211.7500,209.3433,211.5900,1466522,CTAS
2024-12-11,210.1400,212.4863,209.7950,210.9700,1518992,CTAS
2024-12-10,209.1600,210.8139,206.8601,210.1400,1982410,CTAS
2024-12-09,220.1500,221.2900,206.3400,208.3000,4021397,CTAS
2024-12-06,223.5700,225.0263,223.4100,223.7100,1329064,CTAS
2024-12-05,223.3700,224.5300,221.6400,223.2200,1015241,CTAS
2024-12-04,221.8600,224.2400,221.8600,223.6000,1495123,CTAS
2024-12-03,223.6600,225.2600,220.3028,222.6500,1391688,CTAS
2024-12-02,225.4200,225.7900,221.7500,222.6400,1965318,CTAS
2024-11-29,224.8000,226.6100,224.3300,225.7900,981446,CTAS
2024-11-27,228.0800,228.0800,222.7400,224.0500,1261266,CTAS
2024-11-26,225.2900,228.1200,225.1200,226.4700,1369662,CTAS
2024-11-25,222.6900,224.0500,221.5000,223.9000,2751977,CTAS
2024-11-22,221.5000,222.7702,220.8800,221.7600,1414450,CTAS
2024-11-21,219.2300,221.8291,218.1250,221.4900,1060945,CTAS
2024-11-20,217.1700,218.7700,216.2100,218.7500,1016232,CTAS
2024-11-19,215.3300,218.5800,214.5000,217.9700,1231507,CTAS
2024-11-18,215.3200,218.2900,214.6600,216.2000,1610541,CTAS
2024-11-15,216.1000,216.6400,213.8901,215.2000,1792986,CTAS
2024-11-14,223.0000,223.0700,216.6800,217.0500,1542872,CTAS
2024-11-13,224.2500,225.6100,223.2500,223.6200,1049147,CTAS
2024-11-12,224.1100,225.4400,223.5900,224.7300,900372,CTAS
2024-11-11,225.7200,227.3550,223.8000,224.1100,1185311,CTAS
2025-04-07,140.8000,145.5350,136.8200,140.4900,4652014,PAYX
2025-04-04,152.8400,153.0500,143.2400,143.3200,3049825,PAYX
2025-04-03,154.9100,155.5769,152.4800,153.5300,2623769,PAYX
2025-04-02,154.3800,155.2600,153.1500,154.9400,1422463,PAYX
2025-04-01,154.0700,155.1600,152.9600,154.5900,1941092,PAYX
2025-03-31,151.4000,154.7100,151.4000,154.2800,2910733,PAYX
2025-03-28,152.3200,152.8800,150.1000,151.0300,2419752,PAYX
2025-03-27,149.4800,152.1300,147.5900,151.8300,2640533,PAYX
2025-03-26,148.8100,153.1200,144.5200,150.1900,4430461,PAYX
2025-03-25,144.7800,145.7900,143.2300,144.1300,3387966,PAYX
2025-03-24,143.6300,145.1700,143.3300,144.8300,2153491,PAYX
2025-03-21,144.1200,144.5400,142.0100,143.0200,4764681,PAYX
2025-03-20,146.7400,147.4400,145.0300,145.2300,1464068,PAYX
2025-03-19,147.0100,147.9000,146.1500,147.5300,1722335,PAYX
2025-03-18,146.4700,147.5300,145.6200,146.9900,1351132,PAYX
2025-03-17,144.9100,148.4400,144.4750,147.9900,1897010,PAYX
2025-03-14,143.3600,145.8500,143.2612,145.4400,1591344,PAYX
2025-03-13,144.9800,145.8350,142.8800,143.5600,1977267,PAYX
2025-03-12,145.5500,147.0400,143.8300,145.0100,2780788,PAYX
2025-03-11,154.1100,154.4250,146.3900,146.5000,2955342,PAYX
2025-03-10,153.4800,158.3700,153.3400,154.5200,3964225,PAYX
2025-03-07,149.3600,154.0500,148.9500,153.4800,2253837,PAYX
2025-03-06,151.2600,151.8750,147.8577,149.8900,2577147,PAYX
2025-03-05,150.9100,153.2612,150.6050,152.1000,1867549,PAYX
2025-03-04,154.4300,154.9800,151.7850,152.0000,3820041,PAYX
2025-03-03,151.7650,154.4800,151.7650,153.3700,1790420,PAYX
2025-02-28,150.0600,151.8200,149.3800,151.6700,2485504,PAYX
2025-02-27,149.3500,150.6100,148.3000,148.7600,1678267,PAYX
2025-02-26,150.4300,151.6600,149.0300,149.2600,1211771,PAYX
2025-02-25,150.1900,151.8600,150.0700,151.0000,1769509,PAYX
2025-02-24,148.6100,150.9625,148.3133,149.8900,2651187,PAYX
2025-02-21,150.0700,150.1500,147.5900,148.5100,1674278,PAYX
2025-02-20,149.6500,150.6550,149.3500,150.2600,1356163,PAYX
2025-02-19,148.6500,150.1700,147.7800,150.0400,1094556,PAYX
2025-02-18,147.6550,149.2400,147.2000,148.4000,1931009,PAYX
2025-02-14,148.9600,149.2800,147.0900,147.2500,1052397,PAYX
2025-02-13,146.9400,148.7800,146.4901,148.6300,1252228,PAYX
2025-02-12,144.1300,147.3300,144.0700,146.9500,1377683,PAYX
2025-02-11,146.3100,146.6850,145.4600,146.1000,1404155,PAYX
2025-02-10,147.9800,147.9800,146.5400,147.0100,1331794,PAYX
2025-02-07,149.1600,149.9300,146.5500,146.7400,1803425,PAYX
2025-02-06,151.3800,151.7200,149.8600,150.0100,1536714,PAYX
2025-02-05,149.9600,151.0100,148.6600,150.8700,1538377,PAYX
2025-02-04,148.1400,149.9000,147.4450,149.5100,1664362,PAYX
2025-02-03,147.2700,149.2100,146.2900,148.6200,1589553,PAYX
2025-01-31,147.6200,148.9700,147.1700,147.6700,1766442,PAYX
2025-01-30,147.2100,149.8700,147.2100,148.0500,1472896,PAYX
2025-01-29,148.0000,148.5500,146.3000,146.8900,1801872,PAYX
2025-01-28,148.1700,150.4050,147.3800,147.4800,1580342,PAYX
2025-01-27,145.4600,148.5800,144.9750,148.0400,2446414,PAYX
2025-01-24,144.1600,146.3500,144.1600,146.1100,1425365,PAYX
2025-01-23,144.5200,145.3700,144.0900,144.7500,1331311,PAYX
2025-01-22,145.6200,146.4300,144.6650,144.7750,1654163,PAYX
2025-01-21,146.3600,147.2204,145.0600,145.6600,1483786,PAYX
2025-01-17,149.4600,149.4600,146.1850,146.2900,2116028,PAYX
2025-01-16,144.2700,147.2499,143.4900,146.8400,2262991,PAYX
2025-01-15,143.0000,145.4200,142.0300,144.2700,3787309,PAYX
2025-01-14,140.6400,142.3000,139.8457,141.7100,1729367,PAYX
2025-01-13,138.7300,140.9700,138.3300,140.5300,1430540,PAYX
2025-01-10,140.7700,141.0300,138.7200,139.0600,1904011,PAYX
2025-01-08,139.9500,140.4600,138.1350,140.2500,2079975,PAYX
2025-01-07,137.1700,140.2400,137.0000,139.2600,2279084,PAYX
2025-01-06,137.5300,139.3500,135.0210,136.0600,2629120,PAYX
2025-01-03,138.8900,140.1200,138.3100,139.6700,1284555,PAYX
2025-01-02,141.3900,141.6300,138.2111,138.5000,1601861,PAYX
2024-12-31,140.4600,140.9699,139.8647,140.2200,1265638,PAYX
2024-12-30,140.6600,140.7100,138.3100,139.9600,1639175,PAYX
2024-12-27,142.1000,142.9800,140.6100,141.2700,2032086,PAYX
2024-12-26,141.0700,142.8700,140.8000,142.6400,2364222,PAYX
2024-12-24,139.3500,141.7000,139.1000,141.3900,885757,PAYX
2024-12-23,139.1700,139.5900,137.9800,139.3400,1514828,PAYX
2024-12-20,136.5800,140.1100,136.5800,139.5400,4925570,PAYX
2024-12-19,140.9400,142.6800,137.0900,137.8100,4200107,PAYX
2024-12-18,139.3600,141.7000,135.8400,135.8600,4054003,PAYX
2024-12-17,140.7100,142.2900,139.4600,140.2800,3513177,PAYX
2024-12-16,141.9900,142.2500,140.7400,141.2000,2512455,PAYX
2024-12-13,141.4800,141.8650,140.4100,140.9800,2138150,PAYX
2024-12-12,141.3400,142.1600,139.5600,141.1900,1810600,PAYX
2024-12-11,142.4200,143.1600,140.9700,141.2400,2179172,PAYX
2024-12-10,140.8500,142.6900,139.8100,142.3900,2385244,PAYX
2024-12-09,142.8600,143.1900,139.8100,140.9500,1692289,PAYX
2024-12-06,142.9200,143.9150,142.6600,142.8600,2243202,PAYX
2024-12-05,144.1700,144.5100,141.2400,142.4000,1414681,PAYX
2024-12-04,145.1800,145.2400,143.5500,143.9800,1421302,PAYX
2024-12-03,145.5900,145.7400,144.0000,144.4900,1453394,PAYX
2024-12-02,146.3700,146.4900,144.6150,145.4500,1265684,PAYX
2024-11-29,145.4900,146.6200,145.3700,146.2700,730617,PAYX
2024-11-27,146.2300,147.4200,145.5100,145.7100,1017969,PAYX
2024-11-26,146.0000,146.3200,144.9700,146.1900,1366818,PAYX
2024-11-25,145.1100,145.8650,143.8250,145.2600,2018872,PAYX
2024-11-22,144.4300,145.5100,143.7000,144.4600,1249651,PAYX
2024-11-21,142.8900,144.1900,141.7000,144.0900,1089607,PAYX
2024-11-20,140.1600,142.0500,139.7000,141.8300,1349036,PAYX
2024-11-19,141.2600,141.8300,140.3700,140.6600,1353574,PAYX
2024-11-18,143.3500,143.6200,141.6115,141.7600,1122547,PAYX
2024-11-15,145.8100,145.8100,142.7300,142.9600,1631158,PAYX
2024-11-14,146.0300,146.4000,145.3200,145.8400,1455222,PAYX
2024-11-13,147.7300,148.2000,146.2124,146.5300,2653226,PAYX
2024-11-12,148.4300,149.7800,147.9400,148.0000,2322955,PAYX
2024-11-11,149.1200,150.7100,148.6000,148.7300,1325006,PAYX
2025-04-07,57.9200,66.1000,56.3200,62.2000,28191409,LRCX
2025-04-04,62.5100,63.0700,57.9700,59.0900,26250892,LRCX
2025-04-03,70.2200,70.5500,65.1050,65.2200,19479421,LRCX
2025-04-02,71.7200,74.8037,71.5600,73.7800,7641356,LRCX
2025-04-01,72.0400,72.8500,70.7500,72.8300,9066228,LRCX
2025-03-31,71.6000,72.8500,70.4400,72.7000,11778105,LRCX
2025-03-28,74.6300,75.3000,72.2300,72.6100,9541529,LRCX
2025-03-27,75.8850,76.0700,74.3500,74.8100,8441793,LRCX
2025-03-26,77.7500,77.8600,75.1300,76.1400,7328928,LRCX
2025-03-25,77.8500,78.3710,77.4750,77.6700,6437289,LRCX
2025-03-24,77.7400,78.7800,77.3800,77.9900,7954750,LRCX
2025-03-21,76.0000,76.3700,75.2700,75.8400,20061993,LRCX
2025-03-20,76.6900,78.1000,76.4450,77.5500,10689081,LRCX
2025-03-19,77.3700,79.4800,76.8650,77.9300,8907236,LRCX
2025-03-18,77.4800,77.8400,76.1700,77.3600,8094731,LRCX
2025-03-17,77.1100,79.1400,77.1100,78.3100,9555235,LRCX
2025-03-14,76.7550,79.0800,76.5200,78.6900,11862048,LRCX
2025-03-13,76.1150,77.2700,74.5450,75.2600,9746151,LRCX
2025-03-12,75.3050,77.6600,75.1700,76.5900,12702064,LRCX
2025-03-11,74.0800,75.3850,72.4500,73.3600,12617543,LRCX
2025-03-10,76.9000,77.3800,72.7000,73.8100,16626906,LRCX
2025-03-07,76.6500,79.4850,75.3400,79.0100,14160264,LRCX
2025-03-06,77.1300,78.5660,75.8550,76.4700,13195498,LRCX
2025-03-05,76.7600,79.4100,75.5200,79.0500,15404767,LRCX
2025-03-04,76.0300,78.4700,74.0800,76.4400,15417740,LRCX
2025-03-03,77.9350,79.7500,74.5500,75.7800,14787065,LRCX
2025-02-28,76.7500,78.1800,75.3700,76.7400,22608252,LRCX
2025-02-27,81.6500,82.1650,76.0400,76.1700,14830208,LRCX
2025-02-26,81.6900,82.9300,80.6500,81.3000,12427523,LRCX
2025-02-25,83.0600,83.6999,79.9250,80.2900,19088089,LRCX
2025-02-24,86.4500,86.7100,83.2200,83.3400,11728673,LRCX
2025-02-21,89.6400,90.2200,85.7200,86.0200,12860943,LRCX
2025-02-20,89.9800,91.7200,88.5600,89.0200,16888441,LRCX
2025-02-19,86.3000,89.8000,85.7500,87.6600,15588030,LRCX
2025-02-18,84.9100,86.8100,83.3700,86.5800,16205484,LRCX
2025-02-14,82.6500,83.6100,81.7200,82.7500,9149516,LRCX
2025-02-13,81.5750,83.6600,81.4500,83.3000,7845934,LRCX
2025-02-12,81.2800,82.1400,80.4900,81.5700,7973042,LRCX
2025-02-11,83.0600,84.5000,82.9800,83.2600,8903373,LRCX
2025-02-10,83.5500,84.6700,82.5600,83.7300,13613089,LRCX
2025-02-07,83.1900,83.5100,81.7900,82.3300,9833594,LRCX
2025-02-06,81.1500,83.0550,80.9300,82.8300,9903213,LRCX
2025-02-05,79.1000,82.1050,78.6200,81.9400,10740981,LRCX
2025-02-04,79.0000,80.5850,78.9720,79.9100,9538804,LRCX
2025-02-03,78.9750,81.5600,78.5000,80.1900,14537703,LRCX
2025-01-31,81.0900,84.2150,80.8450,81.0500,18840940,LRCX
2025-01-30,79.7500,82.0900,77.5900,80.7300,24878513,LRCX
2025-01-29,77.4500,77.4900,74.4700,75.1500,14558898,LRCX
2025-01-28,75.1100,75.6700,73.6000,74.5100,13597666,LRCX
2025-01-27,76.7900,76.8300,73.4100,75.6300,19881317,LRCX
2025-01-24,81.7000,81.7000,78.9800,79.6800,9091926,LRCX
2025-01-23,80.7500,81.3900,79.4500,81.2300,11383314,LRCX
2025-01-22,82.4300,85.1900,82.4200,83.2500,14716613,LRCX
2025-01-21,80.8200,82.4300,79.9150,81.5000,10978304,LRCX
2025-01-17,81.4100,81.8100,79.6000,80.3000,10350975,LRCX
2025-01-16,78.8900,82.8300,78.3100,79.2200,19156574,LRCX
2025-01-15,75.8600,77.2700,75.4500,76.1500,11085772,LRCX
2025-01-14,75.0400,75.1300,73.5900,75.0600,9033070,LRCX
2025-01-13,73.1700,74.5800,72.5600,74.4500,8321802,LRCX
2025-01-10,76.0200,76.2300,74.3200,74.6500,11957584,LRCX
2025-01-08,77.4200,77.7500,76.2400,77.0400,8690771,LRCX
2025-01-07,78.8600,80.1400,76.8900,77.5200,10896611,LRCX
2025-01-06,77.1800,80.1500,77.0000,77.9800,15164600,LRCX
2025-01-03,73.1800,75.2750,72.9700,75.1100,8983435,LRCX
2025-01-02,72.7100,73.9180,71.7400,72.4400,8075062,LRCX
2024-12-31,72.4000,72.8000,71.5400,72.2300,7195243,LRCX
2024-12-30,72.0000,72.5900,71.2700,72.1500,10381689,LRCX
2024-12-27,73.3000,73.7600,72.6400,73.4000,5444088,LRCX
2024-12-26,73.2500,74.5600,73.0000,73.9900,6298458,LRCX
2024-12-24,74.0650,74.1700,73.2300,73.8300,5611688,LRCX
2024-12-23,72.3500,73.9900,72.0000,73.8000,10406721,LRCX
2024-12-20,70.5400,73.4750,70.3000,71.7900,29404476,LRCX
2024-12-19,72.7500,72.9100,70.1606,71.2100,17426426,LRCX
2024-12-18,78.0400,79.3100,74.6200,75.2000,15804705,LRCX
2024-12-17,77.8900,78.7400,77.4200,77.8100,14167937,LRCX
2024-12-16,76.2700,78.1250,75.3218,77.8300,12749609,LRCX
2024-12-13,76.3800,77.3200,75.4401,76.2600,10818688,LRCX
2024-12-12,77.2500,77.3600,74.9500,75.5800,8641547,LRCX
2024-12-11,76.3200,78.7200,75.4300,78.2300,14116942,LRCX
2024-12-10,78.1400,78.2500,74.4200,75.1300,10620138,LRCX
2024-12-09,76.4650,78.2500,75.6700,77.4500,10742162,LRCX
2024-12-06,75.1400,76.6900,74.6900,76.5900,8329999,LRCX
2024-12-05,77.8800,77.8800,74.6500,75.2100,12921603,LRCX
2024-12-04,79.5400,79.8290,77.6150,78.2600,9380428,LRCX
2024-12-03,77.7000,78.7000,77.0400,78.3400,9884599,LRCX
2024-12-02,73.8800,78.8550,73.8550,78.5100,20059294,LRCX
2024-11-29,73.8500,75.7700,73.6600,73.8800,10736454,LRCX
2024-11-27,72.7300,72.8700,70.4200,71.5700,7846714,LRCX
2024-11-26,74.1100,74.4700,72.0000,72.6900,7385246,LRCX
2024-11-25,74.0130,74.0300,71.6400,73.7100,16714213,LRCX
2024-11-22,72.6050,73.2700,71.6000,72.6400,8666481,LRCX
2024-11-21,71.1900,73.4500,70.8300,73.1300,14509043,LRCX
2024-11-20,70.0100,70.2156,68.8700,70.0500,8816927,LRCX
2024-11-19,70.0500,70.5200,69.5600,70.1700,7445949,LRCX
2024-11-18,69.8900,70.8000,69.6352,70.5700,11520126,LRCX
2024-11-15,71.6500,72.7100,69.9850,70.0500,14577423,LRCX
2024-11-14,75.4500,75.6400,74.4958,74.7900,9993894,LRCX
2024-11-13,74.5000,75.0687,73.5100,73.8500,11618097,LRCX
2024-11-12,76.4150,76.6700,74.6600,75.7000,9672261,LRCX
2024-11-11,77.4300,77.8900,74.8450,76.1700,10306217,LRCX
